{
    "extrinsic": [-0.999971, -0.00660817, -0.00390038, 1.05,
0.000308449, 0.473273,    -0.880916,   3.25,
0.00766718,  -0.880891,   -0.473257,   3,
0,       0,       0,       1
],
    "intrinsic": [1073.376117, 0, 905.460494, 
                    0, 1073.726956, 620.717418,
                    0, 0, 1]
}